<mvc:View
    controllerName="wisys.frontend.app.timeAttendance.Home"
    xmlns:mvc="sap.ui.core.mvc"
    xmlns="sap.m"
    displayBlock="true"
    height="100%"
    busyIndicatorDelay="0"
    xmlns:core="sap.ui.core"
    xmlns:fb="sap.ui.comp.filterbar"
    xmlns:table="sap.ui.table"
    xmlns:u="sap.ui.unified"
>
    <Page showHeader="false">
        <content>
            <fb:FilterBar
                id="filterbar"
                useToolbar="false"
                showFilterConfiguration="false"
                search="onGenerateButton"
            >
                <fb:filterGroupItems>
                    <fb:FilterGroupItem
                        name="suppName"
                        label="Supplier Name"
                        groupName="Group1"
                        visibleInFilterBar="true"
                    >
                        <fb:control>
                            <ComboBox
                                id="idSuppListComboBox"
                                name="suppName"
                                selectionchange="onSelectionChange"
                                items="{filterModel>/suppList}"
                            >
                                <core:Item
                                    key="{filterModel>SupplierCode}"
                                    text="{filterModel>SupplierName} - {filterModel>SupplierCode}"
                                />
                            </ComboBox>
                        </fb:control>
                    </fb:FilterGroupItem>
                    <fb:FilterGroupItem
                        name="Month"
                        label="Month"
                        groupName="Group1"
                        visibleInFilterBar="true"
                    >
                        <fb:control>
                            <ComboBox
                                id="idMonthComboBox"
                                name="Month"
                                selectionchange="onSelectionChange"
                                items="{filterModel>/month}"
                            >
                                <core:Item
                                    key="{filterModel>key}"
                                    text="{filterModel>month}"
                                />
                            </ComboBox>
                        </fb:control>
                    </fb:FilterGroupItem>
                    <fb:FilterGroupItem
                        name="Year"
                        label="Year"
                        groupName="Group1"
                        visibleInFilterBar="true"
                    >
                        <fb:control>
                            <ComboBox
                                id="idYearComboBox"
                                name="Year"
                                items="{filterModel>/currentYear}"
                            >
                                <core:Item
                                    key="{filterModel>year}"
                                    text="{filterModel>year}"
                                />
                            </ComboBox>
                        </fb:control>
                    </fb:FilterGroupItem>
                    <!-- <fb:FilterGroupItem
                        name="ShiftType"
                        label="Shift Type"
                        groupName="ShiftType"
                        visibleInFilterBar="true"
                    >
                        <fb:control>
                            <ComboBox
                                id="idShiftType"
                                name="ShiftType"
                            >
                                <core:Item
                                    key="D"
                                    text="Day"
                                />
                                <core:Item
                                    key="N"
                                    text="Night"
                                />
                            </ComboBox>
                        </fb:control>
                    </fb:FilterGroupItem> -->
                </fb:filterGroupItems>
            </fb:FilterBar>
            <table:Table
                id="idTable"
                visible="{= ${empData>/}.length === 0 ? false : true}"
                visibleRowCount="9"
                selectionMode="None"
                rows="{empData>/}"
            >
                <table:extension>
                    <OverflowToolbar>
                        <Title
                            id="title"
                            text="{= 'Total Employee (' + ${empData>/}.length + ')'}"
                        />
                    </OverflowToolbar>
                </table:extension>
                <table:columns>
                    <table:Column width="6rem">
                        <Label text="Supplier Phone" />
                        <table:template>
                            <Text text="{empData>SupplierPhone}" />
                        </table:template>
                    </table:Column>
                    <table:Column width="8rem">
                        <Label text="Supplier Contract No" />
                        <table:template>
                            <Text text="{empData>SupplierContractNum}" />
                        </table:template>
                    </table:Column>
                    <table:Column width="5rem">
                        <Label text="Site ID" />
                        <table:template>
                            <Text text="{empData>Site_SiteId}" />
                        </table:template>
                    </table:Column>
                    <table:Column width="4rem">
                        <Label text="Emp Id" />
                        <table:template>
                            <Text text="{empData>employeeId}" />
                        </table:template>
                    </table:Column>
                     <table:Column width="8rem">
                        <Label text="Shift Type" />
                        <table:template>
                            <Text text="{empData>ShiftType}" />
                        </table:template>
                    </table:Column>
                 <!--   <table:Column width="6rem">
                        <Label text="Emp Name" />
                        <table:template>
                            <Text text="{empData>DateOfBirth}" />
                        </table:template>
                    </table:Column>
                    <table:Column width="5rem">
                        <Label text="Position" />
                        <table:template>
                            <Text text="{empData>position}" />
                        </table:template>
                    </table:Column> -->
                    <table:Column width="5rem">
                        <Label text="Day 1" />
                        <table:template>
                            <Input
                                change="onDInputChange"
                                value="{empData>d1}"
                            />
                        </table:template>
                    </table:Column>
                    <table:Column width="5rem">
                        <Label text="Day 2" />
                        <table:template>
                            <Input
                                change="onDInputChange"
                                value="{empData>d2}"
                            />
                        </table:template>
                    </table:Column>
                    <table:Column width="5rem">
                        <Label text="Day 3" />
                        <table:template>
                            <Input
                                change="onDInputChange"
                                value="{empData>d3}"
                            />
                        </table:template>
                    </table:Column>
                    <table:Column width="5rem">
                        <Label text="Day 4" />
                        <table:template>
                            <Input
                                change="onDInputChange"
                                value="{empData>d4}"
                            />
                        </table:template>
                    </table:Column>
                    <table:Column width="5rem">
                        <Label text="Day 5" />
                        <table:template>
                            <Input
                                change="onDInputChange"
                                value="{empData>d5}"
                            />
                        </table:template>
                    </table:Column>
                    <table:Column width="5rem">
                        <Label text="Day 6" />
                        <table:template>
                            <Input
                                change="onDInputChange"
                                value="{empData>d6}"
                            />
                        </table:template>
                    </table:Column>
                    <table:Column width="5rem">
                        <Label text="Day 7" />
                        <table:template>
                            <Input
                                change="onDInputChange"
                                value="{empData>d7}"
                            />
                        </table:template>
                    </table:Column>
                    <table:Column width="5rem">
                        <Label text="Day 8" />
                        <table:template>
                            <Input
                                change="onDInputChange"
                                value="{empData>d8}"
                            />
                        </table:template>
                    </table:Column>
                    <table:Column width="5rem">
                        <Label text="Day 9" />
                        <table:template>
                            <Input
                                change="onDInputChange"
                                value="{empData>d9}"
                            />
                        </table:template>
                    </table:Column>
                    <table:Column width="5rem">
                        <Label text="Day 10" />
                        <table:template>
                            <Input
                                change="onDInputChange"
                                value="{empData>d10}"
                            />
                        </table:template>
                    </table:Column>
                    <table:Column width="5rem">
                        <Label text="Day 11" />
                        <table:template>
                            <Input
                                change="onDInputChange"
                                value="{empData>d11}"
                            />
                        </table:template>
                    </table:Column>
                    <table:Column width="5rem">
                        <Label text="Day 12" />
                        <table:template>
                            <Input
                                change="onDInputChange"
                                value="{empData>d12}"
                            />
                        </table:template>
                    </table:Column>
                    <table:Column width="5rem">
                        <Label text="Day 13" />
                        <table:template>
                            <Input
                                change="onDInputChange"
                                value="{empData>d13}"
                            />
                        </table:template>
                    </table:Column>
                    <table:Column width="5rem">
                        <Label text="Day 14" />
                        <table:template>
                            <Input
                                change="onDInputChange"
                                value="{empData>d14}"
                            />
                        </table:template>
                    </table:Column>
                    <table:Column width="5rem">
                        <Label text="Day 15" />
                        <table:template>
                            <Input
                                change="onDInputChange"
                                value="{empData>d15}"
                            />
                        </table:template>
                    </table:Column>
                    <table:Column width="5rem">
                        <Label text="Day 16" />
                        <table:template>
                            <Input
                                change="onDInputChange"
                                value="{empData>d16}"
                            />
                        </table:template>
                    </table:Column>
                    <table:Column width="5rem">
                        <Label text="Day 17" />
                        <table:template>
                            <Input
                                change="onDInputChange"
                                value="{empData>d17}"
                            />
                        </table:template>
                    </table:Column>
                    <table:Column width="5rem">
                        <Label text="Day 18" />
                        <table:template>
                            <Input
                                change="onDInputChange"
                                value="{empData>d18}"
                            />
                        </table:template>
                    </table:Column>
                    <table:Column width="5rem">
                        <Label text="Day 19" />
                        <table:template>
                            <Input
                                change="onDInputChange"
                                value="{empData>d19}"
                            />
                        </table:template>
                    </table:Column>
                    <table:Column width="5rem">
                        <Label text="Day 20" />
                        <table:template>
                            <Input
                                change="onDInputChange"
                                value="{empData>d20}"
                            />
                        </table:template>
                    </table:Column>
                    <table:Column width="5rem">
                        <Label text="Day 21" />
                        <table:template>
                            <Input
                                change="onDInputChange"
                                value="{empData>d21}"
                            />
                        </table:template>
                    </table:Column>
                    <table:Column width="5rem">
                        <Label text="Day 22" />
                        <table:template>
                            <Input
                                change="onDInputChange"
                                value="{empData>d22}"
                            />
                        </table:template>
                    </table:Column>
                    <table:Column width="5rem">
                        <Label text="Day 23" />
                        <table:template>
                            <Input
                                change="onDInputChange"
                                value="{empData>d23}"
                            />
                        </table:template>
                    </table:Column>
                    <table:Column width="5rem">
                        <Label text="Day 24" />
                        <table:template>
                            <Input
                                change="onDInputChange"
                                value="{empData>d24}"
                            />
                        </table:template>
                    </table:Column>
                    <table:Column width="5rem">
                        <Label text="Day 25" />
                        <table:template>
                            <Input
                                change="onDInputChange"
                                value="{empData>d25}"
                            />
                        </table:template>
                    </table:Column>
                    <table:Column width="5rem">
                        <Label text="Day 26" />
                        <table:template>
                            <Input
                                change="onDInputChange"
                                value="{empData>d26}"
                            />
                        </table:template>
                    </table:Column>
                    <table:Column width="5rem">
                        <Label text="Day 27" />
                        <table:template>
                            <Input
                                change="onDInputChange"
                                value="{empData>d27}"
                            />
                        </table:template>
                    </table:Column>
                    <table:Column width="5rem">
                        <Label text="Day 28" />
                        <table:template>
                            <Input
                                change="onDInputChange"
                                value="{empData>d28}"
                            />
                        </table:template>
                    </table:Column>
                    <table:Column width="5rem">
                        <Label text="Day 29" />
                        <table:template>
                            <Input
                                change="onDInputChange"
                                value="{empData>d29}"
                                enabled="{= ${empData>d29} ? true : false}"
                            />
                        </table:template>
                    </table:Column>
                    <table:Column width="5rem">
                        <Label text="Day 30" />
                        <table:template>
                            <Input
                                change="onDInputChange"
                                value="{empData>d30}"
                                enabled="{= ${empData>d30} ? true : false}"
                            />
                        </table:template>
                    </table:Column>
                    <table:Column width="5rem">
                        <Label text="Day 31" />
                        <table:template>
                            <Input
                                change="onDInputChange"
                                value="{empData>d31}"
                                enabled="{= ${empData>d31} ? true : false}"
                            />
                        </table:template>
                    </table:Column>
                    <table:Column width="5rem">
                        <Label text="Rate Per Hour" />
                        <table:template>
                            <!-- <Text text="{empData>RatePerHour}" /> -->
                            <Text
                                text="{
                                parts: ['empData>RatePerHour', 'SAR'],
                                type: 'sap.ui.model.type.Currency'
                            }"
                            />
                        </table:template>
                    </table:Column>
                    <table:Column width="6rem">
                        <Label text="Total Hours" />
                        <table:template>
                            <Text text="{empData>totalHours}" />
                        </table:template>
                    </table:Column>
                    <!-- <table:Column width="6rem">
                        <Label text="Total Overtime Hours" />
                        <table:template>
                            <Text text="{empData>totalOverTime}" />
                        </table:template>
                    </table:Column> -->
                    <table:Column width="8rem">
                        <Label text="Total Cost" />
                        <table:template>
                            <Text
                                text="{
                                parts: ['empData>totalCost', 'SAR'],
                                type: 'sap.ui.model.type.Currency'
                            }"
                            />
                            <!-- <Text text="{empData>totalCost}" /> -->
                        </table:template>
                    </table:Column>
                </table:columns>
            </table:Table>
            <IllustratedMessage
                visible="{= ${empData>/}.length === 0 ? true : false}"
                illustrationSize="Dialog"
                illustrationType="sapIllus-NoActivities"
                title="No Record Found"
                description="Please use the filters above to view monthly punch-in and punch-out details for employees."
            />
        </content>
        <footer>
            <OverflowToolbar>
                <ToolbarSpacer />
                <Button
                    id="idCreateRequestButton"
                    enabled="{= ${empData>/}.length > 0 ? true : false}"
                    text="Create Request"
                    type="Emphasized"
                    press="onCreateRequest"
                    class="sapUiTinyMargin"
                    ariaHasPopup="Dialog"
                />
                <ToolbarSpacer />
            </OverflowToolbar>
        </footer>
    </Page>
</mvc:View>
