{
  "css/style.css": 1740901742687,
  "model/userData.json": 1740901742715,
  "model/gbModel.json": 1740901742715,
  "model/dashboardList.json": 1740901742711,
  "manifest.json": 1741166145716,
  "app/dashboard/Home.controller.ts": 1740902438755,
  "app/setting/master_data/Home.controller.ts": 1740902471163,
  "app/setting/approver/Home.controller.ts": 1740902467383,
  "app/timeAttendance/Home.controller.ts": 1740902486499,
  "app/setting/Home.controller.ts": 1740902480095,
  "app/request_status/Home.controller.ts": 1740902454859,
  "app/requestForm/Home.controller.ts": 1740902460435,
  "app/myTask/Home.controller.ts": 1740902449783,
  "app/employee/Home.controller.ts": 1740902445123,
  "app/setting/reassign/Home.controller.ts": 1740902475215,
  "app/bulk_upload/Home.controller.ts": 1740902430603,
  "utlity/reusable.ts": 1740901742731,
  "utlity/formatter.ts": 1740901742727,
  "utlity/apiCall.ts": 1740901742723,
  "model/models.ts": 1740901742715,
  "controller/Home.controller.ts": 1740902597207,
  "controller/Error.controller.ts": 1741083958799,
  "controller/App.controller.ts": 1740902510247,
  "env.ts": 1740997438076,
  "Component.ts": 1740902597203,
  "app/myTask/Home.controller.js.map": 1741166145894,
  "app/setting/master_data/Home.controller.js.map": 1741166145889,
  "app/setting/approver/Home.controller.js.map": 1741166145836,
  "app/timeAttendance/Home.controller.js.map": 1741166145839,
  "app/setting/Home.controller.js.map": 1741166145837,
  "app/request_status/Home.controller.js.map": 1741166145838,
  "app/requestForm/Home.controller.js.map": 1741166145839,
  "app/dashboard/Home.controller.js.map": 1741166145884,
  "app/employee/Home.controller.js.map": 1741166145884,
  "app/setting/reassign/Home.controller.js.map": 1741166145884,
  "app/bulk_upload/Home.controller.js.map": 1741166145885,
  "utlity/reusable.js.map": 1741166145890,
  "utlity/formatter.js.map": 1741166145897,
  "utlity/apiCall.js.map": 1741166145922,
  "model/models.js.map": 1741166145892,
  "controller/Home.controller.js.map": 1741166145894,
  "controller/Error.controller.js.map": 1741166145836,
  "controller/App.controller.js.map": 1741166145906,
  "env.js.map": 1741166145896,
  "Component.js.map": 1741166145911,
  "app/myTask/Home.controller.js": 1741166145705,
  "app/setting/master_data/Home.controller.js": 1741166145705,
  "app/setting/approver/Home.controller.js": 1741166145705,
  "app/timeAttendance/Home.controller.js": 1741166145705,
  "app/setting/Home.controller.js": 1741166145705,
  "app/request_status/Home.controller.js": 1741166145705,
  "app/requestForm/Home.controller.js": 1741166145705,
  "app/dashboard/Home.controller.js": 1741166145705,
  "app/employee/Home.controller.js": 1741166145705,
  "app/setting/reassign/Home.controller.js": 1741166145705,
  "app/bulk_upload/Home.controller.js": 1741166145705,
  "utlity/reusable.js": 1741166145705,
  "utlity/formatter.js": 1741166145705,
  "utlity/apiCall.js": 1741166145705,
  "model/models.js": 1741166145705,
  "controller/Home.controller.js": 1741166145705,
  "controller/Error.controller.js": 1741166145705,
  "controller/App.controller.js": 1741166145706,
  "env.js": 1741166145706,
  "Component.js": 1741166145706,
  "controller/Error-dbg.controller.js": 1741166145705,
  "controller/Error-dbg.controller.js.map": 1741166145726,
  "app/setting/master_data/Home-dbg.controller.js": 1741166145705,
  "app/setting/master_data/Home-dbg.controller.js.map": 1741166145729,
  "app/setting/approver/Home-dbg.controller.js": 1741166145705,
  "app/setting/approver/Home-dbg.controller.js.map": 1741166145729,
  "app/timeAttendance/Home-dbg.controller.js": 1741166145705,
  "app/timeAttendance/Home-dbg.controller.js.map": 1741166145730,
  "app/setting/Home-dbg.controller.js": 1741166145705,
  "app/setting/Home-dbg.controller.js.map": 1741166145730,
  "app/request_status/Home-dbg.controller.js": 1741166145705,
  "app/request_status/Home-dbg.controller.js.map": 1741166145730,
  "app/requestForm/Home-dbg.controller.js": 1741166145705,
  "app/requestForm/Home-dbg.controller.js.map": 1741166145730,
  "app/dashboard/Home-dbg.controller.js": 1741166145705,
  "app/dashboard/Home-dbg.controller.js.map": 1741166145730,
  "app/employee/Home-dbg.controller.js": 1741166145705,
  "app/employee/Home-dbg.controller.js.map": 1741166145730,
  "app/setting/reassign/Home-dbg.controller.js": 1741166145705,
  "app/setting/reassign/Home-dbg.controller.js.map": 1741166145730,
  "app/bulk_upload/Home-dbg.controller.js": 1741166145705,
  "app/bulk_upload/Home-dbg.controller.js.map": 1741166145730,
  "utlity/reusable-dbg.js": 1741166145705,
  "utlity/reusable-dbg.js.map": 1741166145730,
  "utlity/formatter-dbg.js": 1741166145705,
  "utlity/formatter-dbg.js.map": 1741166145730,
  "utlity/apiCall-dbg.js": 1741166145705,
  "utlity/apiCall-dbg.js.map": 1741166145730,
  "model/models-dbg.js": 1741166145705,
  "model/models-dbg.js.map": 1741166145730,
  "controller/Home-dbg.controller.js": 1741166145705,
  "controller/Home-dbg.controller.js.map": 1741166145731,
  "app/myTask/Home-dbg.controller.js": 1741166145705,
  "app/myTask/Home-dbg.controller.js.map": 1741166145731,
  "controller/App-dbg.controller.js": 1741166145706,
  "controller/App-dbg.controller.js.map": 1741166145731,
  "env-dbg.js": 1741166145706,
  "env-dbg.js.map": 1741166145731,
  "Component-dbg.js": 1741166145706,
  "Component-dbg.js.map": 1741166145731,
  "Component-preload.js": 1741166146122,
  "Component-preload.js.map": 1741166146122,
  "app/setting/reassign/Home.view.xml": 1740902597207,
  "app/setting/master_data/Home.view.xml": 1740902597207,
  "app/setting/approver/Home.view.xml": 1740902597207,
  "app/timeAttendance/Home.view.xml": 1740902597207,
  "app/setting/Home.view.xml": 1740902597207,
  "app/request_status/Home.view.xml": 1740902597203,
  "app/requestForm/Home.view.xml": 1740902597207,
  "app/myTask/Home.view.xml": 1740902597207,
  "app/employee/Home.view.xml": 1740995454477,
  "app/dashboard/Home.view.xml": 1740902597203,
  "app/bulk_upload/Home.view.xml": 1740902597203,
  "view/Home.view.xml": 1740902597207,
  "view/Error.view.xml": 1740902597207,
  "view/App.view.xml": 1740902597207,
  "utlity/book.xlsx": 1740901742727,
  "fragment/loader.fragment.xml": 1740901742707,
  "fragment/error.fragment.xml": 1740901742703,
  "fragment/createRequest.fragment.xml": 1740901742703,
  "fragment/Sort.fragment.xml": 1740901742699,
  "fragment/SideNavigation.fragment.xml": 1740901742699,
  "fragment/MessagePopover.fragment.xml": 1740901742695,
  "fragment/ImagePovover.fragment.xml": 1740901742695,
  "fragment/GroupDialog.fragment.xml": 1740901742691,
  "fragment/FilterDialog.fragment.xml": 1740901742691,
  "i18n/i18n.properties": 1740902597207,
  "index.html": 1740903337496
}