{
  "navigation": [
    {
      "title": "Home",
      "icon": "sap-icon://home",
      "key": "RouteHome"
    },
    {
      "title": "Time Sheet",
      "icon": "sap-icon://end-user-experience-monitoring",
      "key": "RouteAttendance"
    },
    {
      "title": "My Task",
      "icon": "sap-icon://activity-assigned-to-goal",
      "key": "RouteMyTask"
    },
    {
      "title": "Employees",
      "icon": "sap-icon://employee",
      "key": "RouteDashboard"
    },
    {
      "title": "Request Status",
      "icon": "sap-icon://step",
      "key": "RouteRequestStatus"
    }
  ]
}
